# erzeugt von tools/bench/calibrate.py; Regel s. Docstring
# Ziel A >= 5.0 s, Einzellauf <= 120.0 s, je opt
embench__aha-mont64__O0	137
embench__aha-mont64__O2	852
embench__crc32__O0	509
embench__crc32__O2	1347
embench__depthconv__O0	11
embench__depthconv__O2	354
embench__edn__O0	26
embench__edn__O2	94
embench__huffbench__O0	38
embench__huffbench__O2	235
embench__matmult-int__O0	236
embench__matmult-int__O2	482
embench__md5sum__O0	214
embench__md5sum__O2	701
embench__nettle-aes__O0	14
embench__nettle-aes__O2	26
embench__nettle-sha256__O0	6
embench__nettle-sha256__O2	7
embench__nsichneu__O0	6
embench__nsichneu__O2	16
embench__picojpeg__O0	11
embench__picojpeg__O2	30
embench__qrduino__O0	13
embench__qrduino__O2	58
embench__sglib-combined__O0	7
embench__sglib-combined__O2	50
embench__slre__O0	7
embench__slre__O2	53
embench__statemate__O0	7
embench__statemate__O2	669
embench__tarfind__O0	263
embench__tarfind__O2	587
embench__ud__O0	100
embench__ud__O2	300
embench__wikisort__O0	53
embench__wikisort__O2	731
embench__xgboost__O0	187
embench__xgboost__O2	520
micro__baseline_alu__O0	45
micro__baseline_alu__O2	61
micro__call_rate__WORK0__O0	211
micro__call_rate__WORK0__O2	1361
micro__call_rate__WORK16__O0	29
micro__call_rate__WORK16__O2	7
micro__call_rate__WORK256__O0	2
micro__call_rate__WORK256__O2	3
micro__call_rate__WORK4__O0	111
micro__call_rate__WORK4__O2	188
micro__call_rate__WORK64__O0	7
micro__call_rate__WORK64__O2	9
micro__frame_size__FRAME1024__O0	45
micro__frame_size__FRAME1024__O2	46
micro__frame_size__FRAME16__O0	315
micro__frame_size__FRAME16__O2	2333
micro__frame_size__FRAME256__O0	119
micro__frame_size__FRAME256__O2	192
micro__frame_size__FRAME4096__O0	11
micro__frame_size__FRAME4096__O2	13
micro__frame_size__FRAME64__O0	256
micro__frame_size__FRAME64__O2	724
micro__load_dense__WIDTH1__O0	346
micro__load_dense__WIDTH1__O2	1955
micro__load_dense__WIDTH8__O0	319
micro__load_dense__WIDTH8__O2	2705
micro__recurse__DEPTH4__O0	368
micro__recurse__DEPTH4__O2	891
micro__recurse__DEPTH512__O0	396
micro__recurse__DEPTH512__O2	825
micro__recurse__DEPTH64__O0	374
micro__recurse__DEPTH64__O2	840
micro__store_dense__WIDTH1__O0	448
micro__store_dense__WIDTH1__O2	3352
micro__store_dense__WIDTH8__O0	377
micro__store_dense__WIDTH8__O2	1717
